{"cameraMode":{"drawMode":0,"name":"Shaded","section":"Shading Mode"},"sceneLighting":true,"audioPlay":false,"sceneViewState":{"m_AlwaysRefresh":false,"showFog":true,"showSkybox":true,"showFlares":true,"showImageEffects":true,"showParticleSystems":true,"showVisualEffectGraphs":true,"m_FxEnabled":true},"in2DMode":false,"pivot":{"x":1900.6573486328125,"y":883.871826171875,"z":174.41563415527345},"rotation":{"x":0.04497021064162254,"y":-0.025471504777669908,"z":0.0011469759047031403,"w":0.9986633658409119},"size":646.2699584960938,"orthographic":true}